KanGrubu,count,mean,median
B+,206,14.771844660194175,15.0
0+,579,14.41105354058722,15.0
AB+,80,14.35,15.0
B-,68,14.176470588235293,15.0
A-,53,14.018867924528301,15.0
A+,540,14.003703703703703,15.0
