TedaviAdi,count,mean,median
Dorsalji 1,140,15.857142857142858,15.0
Dorsalji-Dorsal,56,15.535714285714286,15.0
Gonartroz-Meniskopati,95,15.473684210526315,15.0
Dorsalji -Boyun+trapez,231,15.454545454545455,15.0
İV DİSK BOZUKLUĞU-BEL,200,15.025,15.0
SAĞ OMUZ İMPİNGEMENT,70,15.0,15.0
Sol Omuz İmpingement,30,15.0,15.0
Dorsalji-Bel,120,14.666666666666666,15.0
Sol omuz İmpingement,50,14.5,15.0
Boyun-Trapezz,60,14.166666666666666,15.0
