Cinsiyet,count,mean,median
Kadin,1274,14.771585557299844,15.0
Erkek,792,14.406565656565656,15.0
