Cinsiyet,count,mean,median
Kadin,1274,14.678178963893249,15.0
Erkek,792,14.383838383838384,15.0
