,count,mean,std,min,25%,50%,75%,max
HastaNo,2235.0,145333.10022371364,115.21424818843306,145134.0,145235.0,145331.0,145432.0,145537.0
Yas,2235.0,47.32706935123043,15.208634290589435,2.0,38.0,46.0,56.0,92.0
