KanGrubu,count,mean,median
B+,206,14.679611650485437,15.0
AB+,80,14.35,15.0
0+,579,14.343696027633852,15.0
B-,68,14.176470588235293,15.0
A-,53,14.018867924528301,15.0
A+,540,13.966666666666667,15.0
